source,title,company,location,salary,date_scraped,skills
LinkedIn,"Data Analyst, EMEA Production Finance",Netflix,"London, England, United Kingdom",Not listed,2026-01-27,
LinkedIn,Data Analyst,Stripe,"London, England, United Kingdom",Not listed,2026-01-27,
LinkedIn,Business Data Analyst,Alibaba.com,"Greater London, England, United Kingdom",Not listed,2026-01-27,
LinkedIn,Data Analyst,Practicus,"London Area, United Kingdom",Not listed,2026-01-27,
LinkedIn,Junior Data Analyst,We Are Buchanan,"London Area, United Kingdom",Not listed,2026-01-27,
LinkedIn,Data Analyst - EU,POP MART,"London Area, United Kingdom",Not listed,2026-01-27,
LinkedIn,Data Analyst - TikTok LIVE,TikTok,"London, England, United Kingdom",Not listed,2026-01-27,
LinkedIn,Graduate Data Analyst - London,GRAYCE,"London, England, United Kingdom",Not listed,2026-01-27,
LinkedIn,Data Analyst - Systematic Hedge Fund - £200k+,Paragon Alpha - Hedge Fund Talent Business,"London Area, United Kingdom",Not listed,2026-01-27,
LinkedIn,APP Data Analyst,Burberry,"London, England, United Kingdom",Not listed,2026-01-27,
LinkedIn,Data Analyst,Houst,"London, England, United Kingdom",Not listed,2026-01-27,
LinkedIn,Junior Data Analyst,Intellect Group,"London Area, United Kingdom",Not listed,2026-01-27,
LinkedIn,Data Analyst,Price Forbes,"London, England, United Kingdom",Not listed,2026-01-27,
LinkedIn,Data Analyst,Steamship Mutual,"London, England, United Kingdom",Not listed,2026-01-27,
LinkedIn,Reporting Analyst,Randstad,"London Area, United Kingdom",Not listed,2026-01-27,
LinkedIn,Data Analyst,Groupe SEB,"Datchet, England, United Kingdom",Not listed,2026-01-27,
LinkedIn,Graduate Data Analyst - London,GRAYCE,"Slough, England, United Kingdom",Not listed,2026-01-27,
LinkedIn,Data Analyst,Qodea,"London, England, United Kingdom",Not listed,2026-01-27,
LinkedIn,Data Analyst,Universal Music Group UK,"London, England, United Kingdom",Not listed,2026-01-27,
LinkedIn,Data Analyst,Pioneer Search,"City Of London, England, United Kingdom",Not listed,2026-01-27,
LinkedIn,Data Analyst,Hazeltree,"London Area, United Kingdom",Not listed,2026-01-27,
LinkedIn,Marketing Data Analyst,Octopus Energy,"London, England, United Kingdom",Not listed,2026-01-27,
LinkedIn,Data Analyst,Veran Performance,"London Area, United Kingdom",Not listed,2026-01-27,
LinkedIn,Data Analyst,OpenPayd,"London Area, United Kingdom",Not listed,2026-01-27,
LinkedIn,Senior Data Analyst,Propel,"London Area, United Kingdom",Not listed,2026-01-27,
LinkedIn,Data Analyst,Spotlight Sports Group,"London, England, United Kingdom",Not listed,2026-01-27,
LinkedIn,Data Analyst- SQL & Tableau,Datatech Analytics,"Greater London, England, United Kingdom",Not listed,2026-01-27,"sql, tableau"
LinkedIn,Marketing Data Analyst,Plum,"London, England, United Kingdom",Not listed,2026-01-27,
LinkedIn,Data Analyst,Royal Mail,"London, England, United Kingdom",Not listed,2026-01-27,
LinkedIn,Data Analyst - Machine Learning,Octopus Energy,"London, England, United Kingdom",Not listed,2026-01-27,
LinkedIn,Data Visualization Analyst / Associate,JPMorganChase,"Greater London, England, United Kingdom",Not listed,2026-01-27,
LinkedIn,Data Analyst,idpp,"London Area, United Kingdom",Not listed,2026-01-27,
LinkedIn,Graduate Data Analyst,GRAYCE,"London Area, United Kingdom",Not listed,2026-01-27,
LinkedIn,Data Analyst,Boam AI,"London, England, United Kingdom",Not listed,2026-01-27,
LinkedIn,Junior Analytics Executive,Medialab Group,"London Area, United Kingdom",Not listed,2026-01-27,
LinkedIn,Data Analyst,Relay Technologies,"Greater London, England, United Kingdom",Not listed,2026-01-27,
LinkedIn,Data Analyst,Gener8,"London, England, United Kingdom",Not listed,2026-01-27,
LinkedIn,Data Analyst,Solirius Reply,"London, England, United Kingdom",Not listed,2026-01-27,
LinkedIn,Data Analyst Level 4 Apprenticeship,Transport for London,"London, England, United Kingdom",Not listed,2026-01-27,
LinkedIn,Data Analyst,Universal Music Group,"London, England, United Kingdom",Not listed,2026-01-27,
LinkedIn,Data & Category Management Executive,Unilever,"Kingston Upon Thames, England, United Kingdom",Not listed,2026-01-27,
LinkedIn,L/S Data Analyst - EMEA,Point72,"London, England, United Kingdom",Not listed,2026-01-27,
LinkedIn,Commerce Data Analyst,Condé Nast,"London, England, United Kingdom",Not listed,2026-01-27,
LinkedIn,Junior Data Analyst,Information Tech Consultants,"Greater London, England, United Kingdom",Not listed,2026-01-27,
LinkedIn,Data Analyst,Asthma + Lung UK,"London, England, United Kingdom",Not listed,2026-01-27,
LinkedIn,Data Analyst,The Ivy Collection,"London Area, United Kingdom",Not listed,2026-01-27,
LinkedIn,Data Analyst,WPP Media,"London, England, United Kingdom",Not listed,2026-01-27,
LinkedIn,Lead Data Analyst - Finance & Treasury,hackajob,"London, England, United Kingdom",Not listed,2026-01-27,
LinkedIn,Data Analyst,Paritas Recruitment,"London Area, United Kingdom",Not listed,2026-01-27,
LinkedIn,Data Analyst,Burns Sheehan,"London Area, United Kingdom",Not listed,2026-01-27,
LinkedIn,Data Analyst,Intellect Group,"Weybridge, England, United Kingdom",Not listed,2026-01-27,
LinkedIn,Data Analyst,JLL,"London, England, United Kingdom",Not listed,2026-01-27,
LinkedIn,Data Analyst,World Wide Technology,"London Area, United Kingdom",Not listed,2026-01-27,
LinkedIn,Entry-Level Quantitative Researcher,Point72,"London, England, United Kingdom",Not listed,2026-01-27,
LinkedIn,Data Analyst 1,BAE Systems,"London, England, United Kingdom",Not listed,2026-01-27,
LinkedIn,Data Analyst,Utility Warehouse,"London Area, United Kingdom",Not listed,2026-01-27,
LinkedIn,Data Analyst,Beaumont Select Ltd,"London Area, United Kingdom",Not listed,2026-01-27,
LinkedIn,Data Analyst,Robert Half,"London Area, United Kingdom",Not listed,2026-01-27,
LinkedIn,Business Intelligence Specialist,Coforge,"London Area, United Kingdom",Not listed,2026-01-27,
LinkedIn,Data Analyst,Perk,"London Area, United Kingdom",Not listed,2026-01-27,
